[{"model": "admin.logentry", "pk": 1, "fields": {"action_time": "2023-07-15T10:33:21.414Z", "user": 1, "content_type": 19, "object_id": "1", "object_repr": "SKILLBOX", "action_flag": 3, "change_message": ""}}, {"model": "admin.logentry", "pk": 2, "fields": {"action_time": "2023-07-15T10:34:12.053Z", "user": 1, "content_type": 19, "object_id": "2", "object_repr": "SKILLBOX", "action_flag": 1, "change_message": "[{\"added\": {}}]"}}, {"model": "admin.logentry", "pk": 3, "fields": {"action_time": "2023-07-15T11:16:25.291Z", "user": 1, "content_type": 19, "object_id": "3", "object_repr": "SASA", "action_flag": 1, "change_message": "[{\"added\": {}}]"}}, {"model": "auth.permission", "pk": 1, "fields": {"name": "Can add log entry", "content_type": 1, "codename": "add_logentry"}}, {"model": "auth.permission", "pk": 2, "fields": {"name": "Can change log entry", "content_type": 1, "codename": "change_logentry"}}, {"model": "auth.permission", "pk": 3, "fields": {"name": "Can delete log entry", "content_type": 1, "codename": "delete_logentry"}}, {"model": "auth.permission", "pk": 4, "fields": {"name": "Can view log entry", "content_type": 1, "codename": "view_logentry"}}, {"model": "auth.permission", "pk": 5, "fields": {"name": "Can add permission", "content_type": 2, "codename": "add_permission"}}, {"model": "auth.permission", "pk": 6, "fields": {"name": "Can change permission", "content_type": 2, "codename": "change_permission"}}, {"model": "auth.permission", "pk": 7, "fields": {"name": "Can delete permission", "content_type": 2, "codename": "delete_permission"}}, {"model": "auth.permission", "pk": 8, "fields": {"name": "Can view permission", "content_type": 2, "codename": "view_permission"}}, {"model": "auth.permission", "pk": 9, "fields": {"name": "Can add group", "content_type": 3, "codename": "add_group"}}, {"model": "auth.permission", "pk": 10, "fields": {"name": "Can change group", "content_type": 3, "codename": "change_group"}}, {"model": "auth.permission", "pk": 11, "fields": {"name": "Can delete group", "content_type": 3, "codename": "delete_group"}}, {"model": "auth.permission", "pk": 12, "fields": {"name": "Can view group", "content_type": 3, "codename": "view_group"}}, {"model": "auth.permission", "pk": 13, "fields": {"name": "Can add content type", "content_type": 4, "codename": "add_contenttype"}}, {"model": "auth.permission", "pk": 14, "fields": {"name": "Can change content type", "content_type": 4, "codename": "change_contenttype"}}, {"model": "auth.permission", "pk": 15, "fields": {"name": "Can delete content type", "content_type": 4, "codename": "delete_contenttype"}}, {"model": "auth.permission", "pk": 16, "fields": {"name": "Can view content type", "content_type": 4, "codename": "view_contenttype"}}, {"model": "auth.permission", "pk": 17, "fields": {"name": "Can add site", "content_type": 5, "codename": "add_site"}}, {"model": "auth.permission", "pk": 18, "fields": {"name": "Can change site", "content_type": 5, "codename": "change_site"}}, {"model": "auth.permission", "pk": 19, "fields": {"name": "Can delete site", "content_type": 5, "codename": "delete_site"}}, {"model": "auth.permission", "pk": 20, "fields": {"name": "Can view site", "content_type": 5, "codename": "view_site"}}, {"model": "auth.permission", "pk": 21, "fields": {"name": "Can add session", "content_type": 6, "codename": "add_session"}}, {"model": "auth.permission", "pk": 22, "fields": {"name": "Can change session", "content_type": 6, "codename": "change_session"}}, {"model": "auth.permission", "pk": 23, "fields": {"name": "Can delete session", "content_type": 6, "codename": "delete_session"}}, {"model": "auth.permission", "pk": 24, "fields": {"name": "Can view session", "content_type": 6, "codename": "view_session"}}, {"model": "auth.permission", "pk": 25, "fields": {"name": "Can add Настройки и сброс всего кэша", "content_type": 7, "codename": "add_settingsmodel"}}, {"model": "auth.permission", "pk": 26, "fields": {"name": "Can change Настройки и сброс всего кэша", "content_type": 7, "codename": "change_settingsmodel"}}, {"model": "auth.permission", "pk": 27, "fields": {"name": "Can delete Настройки и сброс всего кэша", "content_type": 7, "codename": "delete_settingsmodel"}}, {"model": "auth.permission", "pk": 28, "fields": {"name": "Can view Настройки и сброс всего кэша", "content_type": 7, "codename": "view_settingsmodel"}}, {"model": "auth.permission", "pk": 29, "fields": {"name": "Can add banner", "content_type": 8, "codename": "add_banner"}}, {"model": "auth.permission", "pk": 30, "fields": {"name": "Can change banner", "content_type": 8, "codename": "change_banner"}}, {"model": "auth.permission", "pk": 31, "fields": {"name": "Can delete banner", "content_type": 8, "codename": "delete_banner"}}, {"model": "auth.permission", "pk": 32, "fields": {"name": "Can view banner", "content_type": 8, "codename": "view_banner"}}, {"model": "auth.permission", "pk": 33, "fields": {"name": "Can add Товар в корзине", "content_type": 9, "codename": "add_cartregistereduser"}}, {"model": "auth.permission", "pk": 34, "fields": {"name": "Can change Товар в корзине", "content_type": 9, "codename": "change_cartregistereduser"}}, {"model": "auth.permission", "pk": 35, "fields": {"name": "Can delete Товар в корзине", "content_type": 9, "codename": "delete_cartregistereduser"}}, {"model": "auth.permission", "pk": 36, "fields": {"name": "Can view Товар в корзине", "content_type": 9, "codename": "view_cartregistereduser"}}, {"model": "auth.permission", "pk": 37, "fields": {"name": "Can add Категория", "content_type": 10, "codename": "add_category"}}, {"model": "auth.permission", "pk": 38, "fields": {"name": "Can change Категория", "content_type": 10, "codename": "change_category"}}, {"model": "auth.permission", "pk": 39, "fields": {"name": "Can delete Категория", "content_type": 10, "codename": "delete_category"}}, {"model": "auth.permission", "pk": 40, "fields": {"name": "Can view Категория", "content_type": 10, "codename": "view_category"}}, {"model": "auth.permission", "pk": 41, "fields": {"name": "Can add Товар", "content_type": 11, "codename": "add_product"}}, {"model": "auth.permission", "pk": 42, "fields": {"name": "Can change Товар", "content_type": 11, "codename": "change_product"}}, {"model": "auth.permission", "pk": 43, "fields": {"name": "Can delete Товар", "content_type": 11, "codename": "delete_product"}}, {"model": "auth.permission", "pk": 44, "fields": {"name": "Can view Товар", "content_type": 11, "codename": "view_product"}}, {"model": "auth.permission", "pk": 45, "fields": {"name": "Can add Магазины и их товары", "content_type": 12, "codename": "add_productinshop"}}, {"model": "auth.permission", "pk": 46, "fields": {"name": "Can change Магазины и их товары", "content_type": 12, "codename": "change_productinshop"}}, {"model": "auth.permission", "pk": 47, "fields": {"name": "Can delete Магазины и их товары", "content_type": 12, "codename": "delete_productinshop"}}, {"model": "auth.permission", "pk": 48, "fields": {"name": "Can view Магазины и их товары", "content_type": 12, "codename": "view_productinshop"}}, {"model": "auth.permission", "pk": 49, "fields": {"name": "Can add Характеристика товара", "content_type": 13, "codename": "add_specifications"}}, {"model": "auth.permission", "pk": 50, "fields": {"name": "Can change Характеристика товара", "content_type": 13, "codename": "change_specifications"}}, {"model": "auth.permission", "pk": 51, "fields": {"name": "Can delete Характеристика товара", "content_type": 13, "codename": "delete_specifications"}}, {"model": "auth.permission", "pk": 52, "fields": {"name": "Can view Характеристика товара", "content_type": 13, "codename": "view_specifications"}}, {"model": "auth.permission", "pk": 53, "fields": {"name": "Can add Значение характеристики", "content_type": 14, "codename": "add_subspecifications"}}, {"model": "auth.permission", "pk": 54, "fields": {"name": "Can change Значение характеристики", "content_type": 14, "codename": "change_subspecifications"}}, {"model": "auth.permission", "pk": 55, "fields": {"name": "Can delete Значение характеристики", "content_type": 14, "codename": "delete_subspecifications"}}, {"model": "auth.permission", "pk": 56, "fields": {"name": "Can view Значение характеристики", "content_type": 14, "codename": "view_subspecifications"}}, {"model": "auth.permission", "pk": 57, "fields": {"name": "Can add Подкатегория", "content_type": 15, "codename": "add_subcategory"}}, {"model": "auth.permission", "pk": 58, "fields": {"name": "Can change Подкатегория", "content_type": 15, "codename": "change_subcategory"}}, {"model": "auth.permission", "pk": 59, "fields": {"name": "Can delete Подкатегория", "content_type": 15, "codename": "delete_subcategory"}}, {"model": "auth.permission", "pk": 60, "fields": {"name": "Can view Подкатегория", "content_type": 15, "codename": "view_subcategory"}}, {"model": "auth.permission", "pk": 61, "fields": {"name": "Can add Магазин", "content_type": 16, "codename": "add_shop"}}, {"model": "auth.permission", "pk": 62, "fields": {"name": "Can change Магазин", "content_type": 16, "codename": "change_shop"}}, {"model": "auth.permission", "pk": 63, "fields": {"name": "Can delete Магазин", "content_type": 16, "codename": "delete_shop"}}, {"model": "auth.permission", "pk": 64, "fields": {"name": "Can view Магазин", "content_type": 16, "codename": "view_shop"}}, {"model": "auth.permission", "pk": 65, "fields": {"name": "Can add Картинка товара", "content_type": 17, "codename": "add_productinshopimage"}}, {"model": "auth.permission", "pk": 66, "fields": {"name": "Can change Картинка товара", "content_type": 17, "codename": "change_productinshopimage"}}, {"model": "auth.permission", "pk": 67, "fields": {"name": "Can delete Картинка товара", "content_type": 17, "codename": "delete_productinshopimage"}}, {"model": "auth.permission", "pk": 68, "fields": {"name": "Can view Картинка товара", "content_type": 17, "codename": "view_productinshopimage"}}, {"model": "auth.permission", "pk": 69, "fields": {"name": "Can add Отзыв к товару", "content_type": 18, "codename": "add_comments"}}, {"model": "auth.permission", "pk": 70, "fields": {"name": "Can change Отзыв к товару", "content_type": 18, "codename": "change_comments"}}, {"model": "auth.permission", "pk": 71, "fields": {"name": "Can delete Отзыв к товару", "content_type": 18, "codename": "delete_comments"}}, {"model": "auth.permission", "pk": 72, "fields": {"name": "Can view Отзыв к товару", "content_type": 18, "codename": "view_comments"}}, {"model": "auth.permission", "pk": 73, "fields": {"name": "Can add Промокод", "content_type": 19, "codename": "add_coupon"}}, {"model": "auth.permission", "pk": 74, "fields": {"name": "Can change Промокод", "content_type": 19, "codename": "change_coupon"}}, {"model": "auth.permission", "pk": 75, "fields": {"name": "Can delete Промокод", "content_type": 19, "codename": "delete_coupon"}}, {"model": "auth.permission", "pk": 76, "fields": {"name": "Can view Промокод", "content_type": 19, "codename": "view_coupon"}}, {"model": "auth.permission", "pk": 77, "fields": {"name": "Can add Скидка", "content_type": 20, "codename": "add_discount"}}, {"model": "auth.permission", "pk": 78, "fields": {"name": "Can change Скидка", "content_type": 20, "codename": "change_discount"}}, {"model": "auth.permission", "pk": 79, "fields": {"name": "Can delete Скидка", "content_type": 20, "codename": "delete_discount"}}, {"model": "auth.permission", "pk": 80, "fields": {"name": "Can view Скидка", "content_type": 20, "codename": "view_discount"}}, {"model": "auth.permission", "pk": 81, "fields": {"name": "Can add Заказ", "content_type": 21, "codename": "add_order"}}, {"model": "auth.permission", "pk": 82, "fields": {"name": "Can change Заказ", "content_type": 21, "codename": "change_order"}}, {"model": "auth.permission", "pk": 83, "fields": {"name": "Can delete Заказ", "content_type": 21, "codename": "delete_order"}}, {"model": "auth.permission", "pk": 84, "fields": {"name": "Can view Заказ", "content_type": 21, "codename": "view_order"}}, {"model": "auth.permission", "pk": 85, "fields": {"name": "Can add order item", "content_type": 22, "codename": "add_orderitem"}}, {"model": "auth.permission", "pk": 86, "fields": {"name": "Can change order item", "content_type": 22, "codename": "change_orderitem"}}, {"model": "auth.permission", "pk": 87, "fields": {"name": "Can delete order item", "content_type": 22, "codename": "delete_orderitem"}}, {"model": "auth.permission", "pk": 88, "fields": {"name": "Can view order item", "content_type": 22, "codename": "view_orderitem"}}, {"model": "auth.permission", "pk": 89, "fields": {"name": "Can add pay user model", "content_type": 23, "codename": "add_payusermodel"}}, {"model": "auth.permission", "pk": 90, "fields": {"name": "Can change pay user model", "content_type": 23, "codename": "change_payusermodel"}}, {"model": "auth.permission", "pk": 91, "fields": {"name": "Can delete pay user model", "content_type": 23, "codename": "delete_payusermodel"}}, {"model": "auth.permission", "pk": 92, "fields": {"name": "Can view pay user model", "content_type": 23, "codename": "view_payusermodel"}}, {"model": "auth.permission", "pk": 93, "fields": {"name": "Can add user", "content_type": 24, "codename": "add_user"}}, {"model": "auth.permission", "pk": 94, "fields": {"name": "Can change user", "content_type": 24, "codename": "change_user"}}, {"model": "auth.permission", "pk": 95, "fields": {"name": "Can delete user", "content_type": 24, "codename": "delete_user"}}, {"model": "auth.permission", "pk": 96, "fields": {"name": "Can view user", "content_type": 24, "codename": "view_user"}}, {"model": "contenttypes.contenttype", "pk": 1, "fields": {"app_label": "admin", "model": "logentry"}}, {"model": "contenttypes.contenttype", "pk": 2, "fields": {"app_label": "auth", "model": "permission"}}, {"model": "contenttypes.contenttype", "pk": 3, "fields": {"app_label": "auth", "model": "group"}}, {"model": "contenttypes.contenttype", "pk": 4, "fields": {"app_label": "contenttypes", "model": "contenttype"}}, {"model": "contenttypes.contenttype", "pk": 5, "fields": {"app_label": "sites", "model": "site"}}, {"model": "contenttypes.contenttype", "pk": 6, "fields": {"app_label": "sessions", "model": "session"}}, {"model": "contenttypes.contenttype", "pk": 7, "fields": {"app_label": "app_administrator", "model": "settingsmodel"}}, {"model": "contenttypes.contenttype", "pk": 8, "fields": {"app_label": "app_banners", "model": "banner"}}, {"model": "contenttypes.contenttype", "pk": 9, "fields": {"app_label": "app_cart", "model": "cartregistereduser"}}, {"model": "contenttypes.contenttype", "pk": 10, "fields": {"app_label": "app_catalog", "model": "category"}}, {"model": "contenttypes.contenttype", "pk": 11, "fields": {"app_label": "app_catalog", "model": "product"}}, {"model": "contenttypes.contenttype", "pk": 12, "fields": {"app_label": "app_catalog", "model": "productinshop"}}, {"model": "contenttypes.contenttype", "pk": 13, "fields": {"app_label": "app_catalog", "model": "specifications"}}, {"model": "contenttypes.contenttype", "pk": 14, "fields": {"app_label": "app_catalog", "model": "subspecifications"}}, {"model": "contenttypes.contenttype", "pk": 15, "fields": {"app_label": "app_catalog", "model": "subcategory"}}, {"model": "contenttypes.contenttype", "pk": 16, "fields": {"app_label": "app_catalog", "model": "shop"}}, {"model": "contenttypes.contenttype", "pk": 17, "fields": {"app_label": "app_catalog", "model": "productinshopimage"}}, {"model": "contenttypes.contenttype", "pk": 18, "fields": {"app_label": "app_catalog", "model": "comments"}}, {"model": "contenttypes.contenttype", "pk": 19, "fields": {"app_label": "app_discounts", "model": "coupon"}}, {"model": "contenttypes.contenttype", "pk": 20, "fields": {"app_label": "app_discounts", "model": "discount"}}, {"model": "contenttypes.contenttype", "pk": 21, "fields": {"app_label": "app_orders", "model": "order"}}, {"model": "contenttypes.contenttype", "pk": 22, "fields": {"app_label": "app_orders", "model": "orderitem"}}, {"model": "contenttypes.contenttype", "pk": 23, "fields": {"app_label": "app_payment", "model": "payusermodel"}}, {"model": "contenttypes.contenttype", "pk": 24, "fields": {"app_label": "app_users", "model": "user"}}, {"model": "sites.site", "pk": 1, "fields": {"domain": "example.com", "name": "example.com"}}, {"model": "app_administrator.settingsmodel", "pk": 1, "fields": {"limited_edition_products": 16, "hot_offers": 3, "popular_products": 8, "products_banner": 3, "count_viewed": 20, "selected_categories": 3, "cache_time": 86400, "price_express_delivery": 500, "price_ordinary_delivery": 200, "min_total_price_order": 2000}}, {"model": "app_cart.cartregistereduser", "pk": 23, "fields": {"user": 1, "product_in_shop": 22, "quantity": 2, "price": "2100.00", "price_discount": "1470.00"}}, {"model": "app_catalog.category", "pk": 1, "fields": {"name": "Электроника", "slug": "catalog--electronica"}}, {"model": "app_catalog.category", "pk": 2, "fields": {"name": "Книги", "slug": "catalog--book"}}, {"model": "app_catalog.category", "pk": 3, "fields": {"name": "Одежда", "slug": "catalog--dress"}}, {"model": "app_catalog.category", "pk": 4, "fields": {"name": "Компьютеры и ноутбуки", "slug": "catalog--computer"}}, {"model": "app_catalog.subcategory", "pk": 1, "fields": {"category": 1, "name": "Телевизор"}}, {"model": "app_catalog.subcategory", "pk": 2, "fields": {"category": 1, "name": "Смартфоны"}}, {"model": "app_catalog.subcategory", "pk": 3, "fields": {"category": 1, "name": "Умные часы"}}, {"model": "app_catalog.subcategory", "pk": 4, "fields": {"category": 2, "name": "Детектив"}}, {"model": "app_catalog.subcategory", "pk": 5, "fields": {"category": 2, "name": "Наука"}}, {"model": "app_catalog.subcategory", "pk": 6, "fields": {"category": 2, "name": "Классика"}}, {"model": "app_catalog.subcategory", "pk": 7, "fields": {"category": 3, "name": "Мужская"}}, {"model": "app_catalog.subcategory", "pk": 8, "fields": {"category": 3, "name": "Женская"}}, {"model": "app_catalog.subcategory", "pk": 9, "fields": {"category": 3, "name": "Детская"}}, {"model": "app_catalog.subcategory", "pk": 10, "fields": {"category": 4, "name": "Ноутбук"}}, {"model": "app_catalog.subcategory", "pk": 11, "fields": {"category": 4, "name": "Планшет"}}, {"model": "app_catalog.subcategory", "pk": 12, "fields": {"category": 4, "name": "Видеокарта"}}, {"model": "app_catalog.subcategory", "pk": 13, "fields": {"category": 1, "name": "Квадрокоптер"}}, {"model": "app_catalog.subcategory", "pk": 14, "fields": {"category": 1, "name": "Электронные книги"}}, {"model": "app_catalog.shop", "pk": 1, "fields": {"name": "техносила", "descriptions": "Крутой цифровой магазин", "address": "Тверская 3", "phone": "89887776655", "email": "tehnosila@mail.ru", "image": "техносила_-_логотип.jpg"}}, {"model": "app_catalog.shop", "pk": 2, "fields": {"name": "ozon", "descriptions": "marketplace", "address": "something", "phone": "87776665544", "email": "ozon@mail.ru", "image": "ozon_-_логотип.jpg"}}, {"model": "app_catalog.shop", "pk": 3, "fields": {"name": "wildberries", "descriptions": "another one", "address": "polyanka 5", "phone": "89775554433", "email": "wikberries@mail.ru", "image": "логотип_-_wb.jpg"}}, {"model": "app_catalog.product", "pk": 22, "fields": {"category": 1, "subcategory": 3, "name": "Умные часы 8 серии i8 Pro max", "description": "СМАРТ-ЧАСЫ - не медицинский прибор, поэтому данные о пульсе, давлении уровне кислорода являются ориентировочными и носят ознакомительный характер.", "created": "2023-06-24T18:10:57.636Z", "updated": "2023-06-26T18:13:18.183Z", "image_main": "Умные_часы_8_серии_i8_Pro_max.jpg"}}, {"model": "app_catalog.product", "pk": 23, "fields": {"category": 1, "subcategory": 1, "name": "OLED телевизор LG", "description": "65\" 3840x2160 (4K UHD), матрица OLED, частота матрицы 120 Гц, Smart TV (LG webOS), HDR, Wi-Fi", "created": "2023-06-24T18:25:09.535Z", "updated": "2023-06-26T18:13:07.812Z", "image_main": "OLED_телевизор_LG_B3_OLED65B3RLA.jpg"}}, {"model": "app_catalog.product", "pk": 24, "fields": {"category": 1, "subcategory": 1, "name": "Телевизор Xiaomi TV Q2 55\"", "description": "55\" 3840x2160 (4K UHD), частота матрицы 60 Гц, Smart TV (Android TV), HDR, Wi-Fi", "created": "2023-06-24T20:07:04.051Z", "updated": "2023-06-26T18:12:58.162Z", "image_main": "Телевизор_Xiaomi_TV_Q2_5522.jpg"}}, {"model": "app_catalog.product", "pk": 25, "fields": {"category": 4, "subcategory": 10, "name": "Ноутбук HONOR MagicBook X", "description": "14.0\" 1920 x 1200, IPS, 60 Гц, Intel Core i5 12450H, 16 ГБ LPDDR4X, SSD 512 ГБ, видеокарта встроенная, Windows 11, цвет крышки темно-серый", "created": "2023-06-24T20:09:17.380Z", "updated": "2023-06-26T18:12:46.431Z", "image_main": "Ноутбук_HONOR_MagicBook_X_14_2023_FRI-F56.jpg"}}, {"model": "app_catalog.product", "pk": 26, "fields": {"category": 4, "subcategory": 10, "name": "Ноутбук Tecno Megabook", "description": "15.6\" 1920 x 1080, IPS, 60 Гц, Intel Core i3 1005G1, 12 ГБ LPDDR4X, SSD 256 ГБ, видеокарта встроенная, Linux, цвет крышки серебристый", "created": "2023-06-24T20:10:39.400Z", "updated": "2023-06-26T18:12:33.627Z", "image_main": "Ноутбук_Tecno_Megabook_T1_4895180791734.jpg"}}, {"model": "app_catalog.product", "pk": 27, "fields": {"category": 1, "subcategory": 2, "name": "Смартфон HONOR Magic5 Pro", "description": "Android, экран 6.81\" OLED (1312x2848) 120 Гц, Qualcomm Snapdragon 8 Gen2 SM8550, ОЗУ 12 ГБ, память 512 ГБ, камера 50 Мп, аккумулятор 5100 мАч, 2 SIM (nano-SIM/eSIM), влагозащита IP68", "created": "2023-06-24T20:12:03.909Z", "updated": "2023-06-26T18:12:19.737Z", "image_main": "Смартфон_HONOR_Magic5_Pro.jpg"}}, {"model": "app_catalog.product", "pk": 28, "fields": {"category": 1, "subcategory": 2, "name": "Смартфон Xiaomi 13", "description": "Android, экран 6.36\" OLED (1080x2400) 120 Гц, Qualcomm Snapdragon 8 Gen2 SM8550, ОЗУ 12 ГБ, память 256 ГБ, камера 50 Мп, аккумулятор 4500 мАч, 2 SIM (nano-SIM/eSIM), влагозащита IP68", "created": "2023-06-24T20:13:45.480Z", "updated": "2023-06-26T18:12:05.961Z", "image_main": "Смартфон_Xiaomi_13.jpg"}}, {"model": "app_catalog.product", "pk": 29, "fields": {"category": 1, "subcategory": 2, "name": "Смартфон POCO X5 Pro 5G", "description": "Android, экран 6.67\" AMOLED (1080x2400) 120 Гц, Qualcomm Snapdragon 778G, ОЗУ 8 ГБ, память 256 ГБ, камера 108 Мп, аккумулятор 5000 мАч, 2 SIM (nano-SIM)", "created": "2023-06-24T20:15:04.283Z", "updated": "2023-06-26T18:11:56.137Z", "image_main": "Смартфон_POCO_X5_Pro_5G.jpg"}}, {"model": "app_catalog.product", "pk": 31, "fields": {"category": 1, "subcategory": 14, "name": "Электронная книга PocketBook 700 Era", "description": "6GB (черный/серебристый) + Обложка 700 Flip Series, Black экран 7\" E-Ink Carta 1200, 1680 x 1264, сенсорный, с подсветкой, память 16 ГБ, Wi-Fi", "created": "2023-06-24T20:18:54.902Z", "updated": "2023-06-26T18:11:13.885Z", "image_main": "Электронная_книга_PocketBook_700_Era_.jpg"}}, {"model": "app_catalog.productinshop", "pk": 6, "fields": {"product": 23, "shop": 1, "quantity": 7, "price": "163120.00", "available": true, "limited_product": true}}, {"model": "app_catalog.productinshop", "pk": 7, "fields": {"product": 22, "shop": 2, "quantity": 7, "price": "1300.00", "available": true, "limited_product": false}}, {"model": "app_catalog.productinshop", "pk": 8, "fields": {"product": 22, "shop": 2, "quantity": 5, "price": "1100.00", "available": true, "limited_product": false}}, {"model": "app_catalog.productinshop", "pk": 9, "fields": {"product": 24, "shop": 1, "quantity": 11, "price": "67100.00", "available": true, "limited_product": true}}, {"model": "app_catalog.productinshop", "pk": 10, "fields": {"product": 25, "shop": 1, "quantity": 15, "price": "76100.00", "available": true, "limited_product": true}}, {"model": "app_catalog.productinshop", "pk": 11, "fields": {"product": 26, "shop": 2, "quantity": 33, "price": "49500.00", "available": true, "limited_product": true}}, {"model": "app_catalog.productinshop", "pk": 12, "fields": {"product": 26, "shop": 1, "quantity": 3, "price": "45000.00", "available": true, "limited_product": true}}, {"model": "app_catalog.productinshop", "pk": 13, "fields": {"product": 27, "shop": 1, "quantity": 5, "price": "95000.00", "available": true, "limited_product": true}}, {"model": "app_catalog.productinshop", "pk": 14, "fields": {"product": 27, "shop": 2, "quantity": 25, "price": "91000.00", "available": true, "limited_product": true}}, {"model": "app_catalog.productinshop", "pk": 15, "fields": {"product": 28, "shop": 1, "quantity": 70, "price": "77300.00", "available": true, "limited_product": true}}, {"model": "app_catalog.productinshop", "pk": 16, "fields": {"product": 28, "shop": 3, "quantity": 4, "price": "63150.00", "available": true, "limited_product": true}}, {"model": "app_catalog.productinshop", "pk": 17, "fields": {"product": 29, "shop": 3, "quantity": 111, "price": "31780.00", "available": true, "limited_product": true}}, {"model": "app_catalog.productinshop", "pk": 18, "fields": {"product": 29, "shop": 2, "quantity": 13, "price": "26890.00", "available": true, "limited_product": true}}, {"model": "app_catalog.productinshop", "pk": 21, "fields": {"product": 31, "shop": 3, "quantity": 33, "price": "2540.00", "available": true, "limited_product": true}}, {"model": "app_catalog.productinshop", "pk": 22, "fields": {"product": 31, "shop": 1, "quantity": 24, "price": "2100.00", "available": true, "limited_product": true}}, {"model": "app_catalog.productinshopimage", "pk": 1, "fields": {"product_in_shop": 11, "image": "products/product_11/images/Ноутбук_Tecno_Megabook_T1____2_AuHaF8q.jpg"}}, {"model": "app_catalog.productinshopimage", "pk": 2, "fields": {"product_in_shop": 11, "image": "products/product_11/images/Ноутбук_Tecno_Megabook_T1____3_IvsDu42.jpg"}}, {"model": "app_catalog.productinshopimage", "pk": 3, "fields": {"product_in_shop": 11, "image": "products/product_11/images/Ноутбук_Tecno_Megabook_T1___1_IsFEWbr.jpg"}}, {"model": "app_catalog.productinshopimage", "pk": 4, "fields": {"product_in_shop": 14, "image": "products/product_14/images/Смартфон_HONOR_Magic5_Pro____2.jpg"}}, {"model": "app_catalog.productinshopimage", "pk": 5, "fields": {"product_in_shop": 14, "image": "products/product_14/images/Смартфон_HONOR_Magic5_Pro___1.jpg"}}, {"model": "app_catalog.productinshopimage", "pk": 6, "fields": {"product_in_shop": 6, "image": "products/product_6/images/OLED_телевизор_LG_B3__1.jpg"}}, {"model": "app_catalog.productinshopimage", "pk": 7, "fields": {"product_in_shop": 6, "image": "products/product_6/images/OLED_телевизор_LG_B3__2.jpg"}}, {"model": "app_catalog.productinshopimage", "pk": 8, "fields": {"product_in_shop": 6, "image": "products/product_6/images/OLED_телевизор_LG_B3__3.jpg"}}, {"model": "app_catalog.productinshopimage", "pk": 9, "fields": {"product_in_shop": 9, "image": "products/product_9/images/Телевизор_Xiaomi_TV_Q2_55____3.jpg"}}, {"model": "app_catalog.productinshopimage", "pk": 10, "fields": {"product_in_shop": 9, "image": "products/product_9/images/Телевизор_Xiaomi_TV_Q2_55___1.jpg"}}, {"model": "app_catalog.productinshopimage", "pk": 11, "fields": {"product_in_shop": 9, "image": "products/product_9/images/Телевизор_Xiaomi_TV_Q2_55___2.jpg"}}, {"model": "app_catalog.productinshopimage", "pk": 12, "fields": {"product_in_shop": 10, "image": "products/product_10/images/Ноутбук_HONOR_MagicBook_X____3.jpg"}}, {"model": "app_catalog.productinshopimage", "pk": 13, "fields": {"product_in_shop": 10, "image": "products/product_10/images/Ноутбук_HONOR_MagicBook_X____6.jpg"}}, {"model": "app_catalog.productinshopimage", "pk": 14, "fields": {"product_in_shop": 10, "image": "products/product_10/images/Ноутбук_HONOR_MagicBook_X___1.jpg"}}, {"model": "app_catalog.productinshopimage", "pk": 15, "fields": {"product_in_shop": 10, "image": "products/product_10/images/Ноутбук_HONOR_MagicBook_X___2.jpg"}}, {"model": "app_catalog.productinshopimage", "pk": 16, "fields": {"product_in_shop": 10, "image": "products/product_10/images/Ноутбук_HONOR_MagicBook_X___4.jpg"}}, {"model": "app_catalog.productinshopimage", "pk": 17, "fields": {"product_in_shop": 10, "image": "products/product_10/images/Ноутбук_HONOR_MagicBook_X___5.jpg"}}, {"model": "app_catalog.productinshopimage", "pk": 18, "fields": {"product_in_shop": 12, "image": "products/product_12/images/Ноутбук_Tecno_Megabook_T1____2.jpg"}}, {"model": "app_catalog.productinshopimage", "pk": 19, "fields": {"product_in_shop": 12, "image": "products/product_12/images/Ноутбук_Tecno_Megabook_T1____3.jpg"}}, {"model": "app_catalog.productinshopimage", "pk": 20, "fields": {"product_in_shop": 12, "image": "products/product_12/images/Ноутбук_Tecno_Megabook_T1___1.jpg"}}, {"model": "app_catalog.productinshopimage", "pk": 21, "fields": {"product_in_shop": 13, "image": "products/product_13/images/Смартфон_HONOR_Magic5_Pro___1.jpg"}}, {"model": "app_catalog.productinshopimage", "pk": 22, "fields": {"product_in_shop": 16, "image": "products/product_16/images/Смартфон_Xiaomi_13__.jpg"}}, {"model": "app_catalog.productinshopimage", "pk": 23, "fields": {"product_in_shop": 16, "image": "products/product_16/images/Смартфон_Xiaomi_13__3.jpg"}}, {"model": "app_catalog.productinshopimage", "pk": 24, "fields": {"product_in_shop": 16, "image": "products/product_16/images/Смартфон_Xiaomi_13__4.jpg"}}, {"model": "app_catalog.productinshopimage", "pk": 25, "fields": {"product_in_shop": 15, "image": "products/product_15/images/Смартфон_Xiaomi_13___5.jpg"}}, {"model": "app_catalog.productinshopimage", "pk": 26, "fields": {"product_in_shop": 15, "image": "products/product_15/images/Смартфон_Xiaomi_13___6.jpg"}}, {"model": "app_catalog.productinshopimage", "pk": 27, "fields": {"product_in_shop": 18, "image": "products/product_18/images/Смартфон_POCO_X5_Pro_1.jpg"}}, {"model": "app_catalog.productinshopimage", "pk": 28, "fields": {"product_in_shop": 18, "image": "products/product_18/images/Смартфон_POCO_X5_Pro_2.jpg"}}, {"model": "app_catalog.productinshopimage", "pk": 29, "fields": {"product_in_shop": 17, "image": "products/product_17/images/Смартфон_POCO_X5_Pro_3.jpg"}}, {"model": "app_catalog.productinshopimage", "pk": 30, "fields": {"product_in_shop": 17, "image": "products/product_17/images/Смартфон_POCO_X5_Pro_4.jpg"}}, {"model": "app_catalog.productinshopimage", "pk": 31, "fields": {"product_in_shop": 17, "image": "products/product_17/images/Смартфон_POCO_X5_Pro_5.jpg"}}, {"model": "app_catalog.productinshopimage", "pk": 37, "fields": {"product_in_shop": 21, "image": "products/product_21/images/Электронная_книга_PocketBook_700_Era____2.jpg"}}, {"model": "app_catalog.productinshopimage", "pk": 38, "fields": {"product_in_shop": 21, "image": "products/product_21/images/Электронная_книга_PocketBook_700_Era___1.jpg"}}, {"model": "app_catalog.productinshopimage", "pk": 39, "fields": {"product_in_shop": 22, "image": "products/product_22/images/Электронная_книга_PocketBook_700_Era____2.jpg"}}, {"model": "app_catalog.productinshopimage", "pk": 40, "fields": {"product_in_shop": 22, "image": "products/product_22/images/Электронная_книга_PocketBook_700_Era___1.jpg"}}, {"model": "app_catalog.productinshopimage", "pk": 41, "fields": {"product_in_shop": 8, "image": "products/product_8/images/Умные_часы_8_серии_i8_Pro_max_2.jpg"}}, {"model": "app_catalog.productinshopimage", "pk": 42, "fields": {"product_in_shop": 8, "image": "products/product_8/images/Умные_часы_8_серии_i8_Pro_max_3.jpg"}}, {"model": "app_catalog.productinshopimage", "pk": 43, "fields": {"product_in_shop": 8, "image": "products/product_8/images/Умные_часы_8_серии_i8_Pro_max.jpg"}}, {"model": "app_catalog.productinshopimage", "pk": 44, "fields": {"product_in_shop": 7, "image": "products/product_7/images/Умные_часы_8_серии_i8_Pro_max_2.jpg"}}, {"model": "app_catalog.productinshopimage", "pk": 45, "fields": {"product_in_shop": 7, "image": "products/product_7/images/Умные_часы_8_серии_i8_Pro_max_3.jpg"}}, {"model": "app_catalog.productinshopimage", "pk": 46, "fields": {"product_in_shop": 7, "image": "products/product_7/images/Умные_часы_8_серии_i8_Pro_max.jpg"}}, {"model": "app_catalog.productinshopimage", "pk": 47, "fields": {"product_in_shop": 18, "image": "products/product_18/images/Смартфон_POCO_X5_Pro_3.jpg"}}, {"model": "app_catalog.productinshopimage", "pk": 48, "fields": {"product_in_shop": 15, "image": "products/product_15/images/Смартфон_Xiaomi_13__.jpg"}}, {"model": "app_catalog.productinshopimage", "pk": 49, "fields": {"product_in_shop": 15, "image": "products/product_15/images/Смартфон_Xiaomi_13__1.jpg"}}, {"model": "app_catalog.productinshopimage", "pk": 50, "fields": {"product_in_shop": 13, "image": "products/product_13/images/Смартфон_HONOR_Magic5_Pro___1_kGMeKgA.jpg"}}, {"model": "app_catalog.specifications", "pk": 4, "fields": {"product": 22, "name_specification": "Общие характеристики"}}, {"model": "app_catalog.specifications", "pk": 5, "fields": {"product": 23, "name_specification": "Общие характеристики"}}, {"model": "app_catalog.specifications", "pk": 6, "fields": {"product": 24, "name_specification": "Общие характеристики"}}, {"model": "app_catalog.specifications", "pk": 7, "fields": {"product": 25, "name_specification": "Общие характеристики"}}, {"model": "app_catalog.specifications", "pk": 8, "fields": {"product": 26, "name_specification": "Общие характеристики"}}, {"model": "app_catalog.specifications", "pk": 9, "fields": {"product": 27, "name_specification": "Общие характеристики"}}, {"model": "app_catalog.specifications", "pk": 10, "fields": {"product": 28, "name_specification": "Общие характеристики"}}, {"model": "app_catalog.specifications", "pk": 11, "fields": {"product": 29, "name_specification": "Общие характеристики"}}, {"model": "app_catalog.subspecifications", "pk": 24, "fields": {"specification": 4, "name_subspecification": "Страна-производитель", "text_subspecification": "Таиланд"}}, {"model": "app_catalog.subspecifications", "pk": 25, "fields": {"specification": 4, "name_subspecification": "Тип", "text_subspecification": "смарт-часы"}}, {"model": "app_catalog.subspecifications", "pk": 26, "fields": {"specification": 4, "name_subspecification": "Модель", "text_subspecification": "i8 Pro max"}}, {"model": "app_catalog.subspecifications", "pk": 27, "fields": {"specification": 4, "name_subspecification": "Разрешение", "text_subspecification": "394x324"}}, {"model": "app_catalog.subspecifications", "pk": 28, "fields": {"specification": 4, "name_subspecification": "Технология изготовления экрана", "text_subspecification": "OLED"}}, {"model": "app_catalog.subspecifications", "pk": 29, "fields": {"specification": 4, "name_subspecification": "Модуль сотовой связи", "text_subspecification": "нет"}}, {"model": "app_catalog.subspecifications", "pk": 30, "fields": {"specification": 4, "name_subspecification": "Системы навигации", "text_subspecification": "GPS, Galileo, QZSS, ГЛОНАСС"}}, {"model": "app_catalog.subspecifications", "pk": 31, "fields": {"specification": 4, "name_subspecification": "Беспроводная связь", "text_subspecification": "Bluetooth, NFC, Wi-Fi"}}, {"model": "app_catalog.subspecifications", "pk": 32, "fields": {"specification": 4, "name_subspecification": "Объем встроенной памяти", "text_subspecification": "32 ГБ"}}, {"model": "app_catalog.subspecifications", "pk": 33, "fields": {"specification": 5, "name_subspecification": "Страна-производитель", "text_subspecification": "Германия"}}, {"model": "app_catalog.subspecifications", "pk": 34, "fields": {"specification": 5, "name_subspecification": "Тип", "text_subspecification": "телевизор OLED"}}, {"model": "app_catalog.subspecifications", "pk": 35, "fields": {"specification": 5, "name_subspecification": "Модель", "text_subspecification": "LG654 Smart TV (LG webOS)"}}, {"model": "app_catalog.subspecifications", "pk": 36, "fields": {"specification": 5, "name_subspecification": "Тип подсветки экрана", "text_subspecification": "OLED"}}, {"model": "app_catalog.subspecifications", "pk": 37, "fields": {"specification": 5, "name_subspecification": "Разрешение экрана", "text_subspecification": "3840x2160 (4K UHD),"}}, {"model": "app_catalog.subspecifications", "pk": 38, "fields": {"specification": 5, "name_subspecification": "Формат экрана", "text_subspecification": "21:9"}}, {"model": "app_catalog.subspecifications", "pk": 39, "fields": {"specification": 5, "name_subspecification": "Стандарты HDTV", "text_subspecification": "4K UHD"}}, {"model": "app_catalog.subspecifications", "pk": 40, "fields": {"specification": 5, "name_subspecification": "Частота обновления экрана", "text_subspecification": "частота матрицы 120 Гц"}}, {"model": "app_catalog.subspecifications", "pk": 41, "fields": {"specification": 5, "name_subspecification": "Поддерживаемые носители", "text_subspecification": "USB"}}, {"model": "app_catalog.subspecifications", "pk": 42, "fields": {"specification": 6, "name_subspecification": "Страна-производитель", "text_subspecification": "китай"}}, {"model": "app_catalog.subspecifications", "pk": 43, "fields": {"specification": 6, "name_subspecification": "Тип", "text_subspecification": "Smart TV (Android TV)"}}, {"model": "app_catalog.subspecifications", "pk": 44, "fields": {"specification": 6, "name_subspecification": "Модель", "text_subspecification": "Xiaomi TV Q2 55"}}, {"model": "app_catalog.subspecifications", "pk": 45, "fields": {"specification": 6, "name_subspecification": "Тип подсветки экрана", "text_subspecification": "HDR"}}, {"model": "app_catalog.subspecifications", "pk": 46, "fields": {"specification": 6, "name_subspecification": "Разрешение экрана", "text_subspecification": "3840x2160 (4K UHD)"}}, {"model": "app_catalog.subspecifications", "pk": 47, "fields": {"specification": 6, "name_subspecification": "Формат экрана", "text_subspecification": "21:9"}}, {"model": "app_catalog.subspecifications", "pk": 48, "fields": {"specification": 6, "name_subspecification": "Стандарты HDTV", "text_subspecification": "4K UHD"}}, {"model": "app_catalog.subspecifications", "pk": 49, "fields": {"specification": 6, "name_subspecification": "Частота обновления экрана", "text_subspecification": "60 Гц"}}, {"model": "app_catalog.subspecifications", "pk": 50, "fields": {"specification": 6, "name_subspecification": "Поддерживаемые носители", "text_subspecification": "USB"}}, {"model": "app_catalog.subspecifications", "pk": 51, "fields": {"specification": 7, "name_subspecification": "Тип", "text_subspecification": "Ноутбук"}}, {"model": "app_catalog.subspecifications", "pk": 52, "fields": {"specification": 7, "name_subspecification": "Модель", "text_subspecification": "HONOR MagicBook X"}}, {"model": "app_catalog.subspecifications", "pk": 53, "fields": {"specification": 7, "name_subspecification": "Год релиза", "text_subspecification": "2022"}}, {"model": "app_catalog.subspecifications", "pk": 54, "fields": {"specification": 7, "name_subspecification": "Операционная система", "text_subspecification": "Windows 11"}}, {"model": "app_catalog.subspecifications", "pk": 55, "fields": {"specification": 7, "name_subspecification": "Объем оперативной памяти", "text_subspecification": "16 ГБ LPDDR4X"}}, {"model": "app_catalog.subspecifications", "pk": 56, "fields": {"specification": 7, "name_subspecification": "Максимальный объем памяти", "text_subspecification": "32"}}, {"model": "app_catalog.subspecifications", "pk": 57, "fields": {"specification": 7, "name_subspecification": "Вид графического ускорителя", "text_subspecification": "встроенный"}}, {"model": "app_catalog.subspecifications", "pk": 58, "fields": {"specification": 7, "name_subspecification": "Модель встроенной видеокарты", "text_subspecification": "Intel Core i5 12450H"}}, {"model": "app_catalog.subspecifications", "pk": 59, "fields": {"specification": 7, "name_subspecification": "Общий объем твердотельных накопителей", "text_subspecification": "512 ГБ"}}, {"model": "app_catalog.subspecifications", "pk": 60, "fields": {"specification": 7, "name_subspecification": "Тип диска", "text_subspecification": "SSD"}}, {"model": "app_catalog.subspecifications", "pk": 61, "fields": {"specification": 8, "name_subspecification": "Тип", "text_subspecification": "Ноутбук"}}, {"model": "app_catalog.subspecifications", "pk": 62, "fields": {"specification": 8, "name_subspecification": "Модель", "text_subspecification": "Tecno Megabook i3 1005G1"}}, {"model": "app_catalog.subspecifications", "pk": 63, "fields": {"specification": 8, "name_subspecification": "Год релиза", "text_subspecification": "2021"}}, {"model": "app_catalog.subspecifications", "pk": 64, "fields": {"specification": 8, "name_subspecification": "Операционная система", "text_subspecification": "Linux"}}, {"model": "app_catalog.subspecifications", "pk": 65, "fields": {"specification": 8, "name_subspecification": "Объем оперативной памяти", "text_subspecification": "12 ГБ LPDDR4X"}}, {"model": "app_catalog.subspecifications", "pk": 66, "fields": {"specification": 8, "name_subspecification": "Максимальный объем памяти", "text_subspecification": "16 ГБ"}}, {"model": "app_catalog.subspecifications", "pk": 67, "fields": {"specification": 8, "name_subspecification": "Вид графического ускорителя", "text_subspecification": "встроенный"}}, {"model": "app_catalog.subspecifications", "pk": 68, "fields": {"specification": 8, "name_subspecification": "Модель встроенной видеокарты", "text_subspecification": "Intel Core i3 1005G1"}}, {"model": "app_catalog.subspecifications", "pk": 69, "fields": {"specification": 8, "name_subspecification": "Общий объем твердотельных накопителей", "text_subspecification": "256 ГБ"}}, {"model": "app_catalog.subspecifications", "pk": 70, "fields": {"specification": 8, "name_subspecification": "Тип диска", "text_subspecification": "SSD"}}, {"model": "app_catalog.subspecifications", "pk": 71, "fields": {"specification": 9, "name_subspecification": "Тип", "text_subspecification": "смартфон"}}, {"model": "app_catalog.subspecifications", "pk": 72, "fields": {"specification": 9, "name_subspecification": "Модель", "text_subspecification": "HONOR Magic5 Pro"}}, {"model": "app_catalog.subspecifications", "pk": 73, "fields": {"specification": 9, "name_subspecification": "Год релиза", "text_subspecification": "2021"}}, {"model": "app_catalog.subspecifications", "pk": 74, "fields": {"specification": 9, "name_subspecification": "Поддержка сетей 2G", "text_subspecification": "GSM 850, GSM 900, GSM 1800, GSM 1900"}}, {"model": "app_catalog.subspecifications", "pk": 75, "fields": {"specification": 9, "name_subspecification": "Поддержка сетей 3G", "text_subspecification": "WCDMA 900, WCDMA 2100"}}, {"model": "app_catalog.subspecifications", "pk": 76, "fields": {"specification": 9, "name_subspecification": "Формат SIM-карт", "text_subspecification": "2 SIM (nano-SIM/eSIM)"}}, {"model": "app_catalog.subspecifications", "pk": 77, "fields": {"specification": 9, "name_subspecification": "Операционная система", "text_subspecification": "Android"}}, {"model": "app_catalog.subspecifications", "pk": 78, "fields": {"specification": 9, "name_subspecification": "Разрешение экрана", "text_subspecification": "OLED (1312x2848)"}}, {"model": "app_catalog.subspecifications", "pk": 79, "fields": {"specification": 9, "name_subspecification": "Объем оперативной памяти", "text_subspecification": "12 ГБ"}}, {"model": "app_catalog.subspecifications", "pk": 80, "fields": {"specification": 9, "name_subspecification": "Объем встроенной памяти", "text_subspecification": "512 ГБ"}}, {"model": "app_catalog.subspecifications", "pk": 81, "fields": {"specification": 9, "name_subspecification": "Емкость аккумулятора", "text_subspecification": "5100 мАч"}}, {"model": "app_catalog.subspecifications", "pk": 82, "fields": {"specification": 9, "name_subspecification": "Камера", "text_subspecification": "50 Мп"}}, {"model": "app_catalog.subspecifications", "pk": 83, "fields": {"specification": 10, "name_subspecification": "Тип", "text_subspecification": "смартфон"}}, {"model": "app_catalog.subspecifications", "pk": 84, "fields": {"specification": 10, "name_subspecification": "Модель", "text_subspecification": "Xiaomi 13"}}, {"model": "app_catalog.subspecifications", "pk": 85, "fields": {"specification": 10, "name_subspecification": "Год релиза", "text_subspecification": "2022"}}, {"model": "app_catalog.subspecifications", "pk": 86, "fields": {"specification": 10, "name_subspecification": "Поддержка сетей 2G", "text_subspecification": "GSM 850, GSM 900, GSM 1800, GSM 1900"}}, {"model": "app_catalog.subspecifications", "pk": 87, "fields": {"specification": 10, "name_subspecification": "Поддержка сетей 3G", "text_subspecification": "WCDMA 900, WCDMA 2100"}}, {"model": "app_catalog.subspecifications", "pk": 88, "fields": {"specification": 10, "name_subspecification": "Формат SIM-карт", "text_subspecification": "2 SIM (nano-SIM/eSIM)"}}, {"model": "app_catalog.subspecifications", "pk": 89, "fields": {"specification": 10, "name_subspecification": "Операционная система", "text_subspecification": "Android"}}, {"model": "app_catalog.subspecifications", "pk": 90, "fields": {"specification": 10, "name_subspecification": "Разрешение экрана", "text_subspecification": "OLED (1080x2400)"}}, {"model": "app_catalog.subspecifications", "pk": 91, "fields": {"specification": 10, "name_subspecification": "Объем оперативной памяти", "text_subspecification": "12 ГБ"}}, {"model": "app_catalog.subspecifications", "pk": 92, "fields": {"specification": 10, "name_subspecification": "Объем встроенной памяти", "text_subspecification": "256 ГБ,"}}, {"model": "app_catalog.subspecifications", "pk": 93, "fields": {"specification": 10, "name_subspecification": "Емкость аккумулятора", "text_subspecification": "4500 мАч"}}, {"model": "app_catalog.subspecifications", "pk": 94, "fields": {"specification": 10, "name_subspecification": "Камера", "text_subspecification": "камера 50 Мп"}}, {"model": "app_catalog.subspecifications", "pk": 95, "fields": {"specification": 11, "name_subspecification": "Тип", "text_subspecification": "смартфон"}}, {"model": "app_catalog.subspecifications", "pk": 96, "fields": {"specification": 11, "name_subspecification": "Модель", "text_subspecification": "POCO X5 Pro 5G"}}, {"model": "app_catalog.subspecifications", "pk": 97, "fields": {"specification": 11, "name_subspecification": "Год релиза", "text_subspecification": "2021"}}, {"model": "app_catalog.subspecifications", "pk": 98, "fields": {"specification": 11, "name_subspecification": "Поддержка сетей 2G", "text_subspecification": "GSM 850, GSM 900, GSM 1800, GSM 1900"}}, {"model": "app_catalog.subspecifications", "pk": 99, "fields": {"specification": 11, "name_subspecification": "Поддержка сетей 3G", "text_subspecification": "WCDMA 900, WCDMA 2100"}}, {"model": "app_catalog.subspecifications", "pk": 100, "fields": {"specification": 11, "name_subspecification": "Формат SIM-карт", "text_subspecification": "2 SIM (nano-SIM)"}}, {"model": "app_catalog.subspecifications", "pk": 101, "fields": {"specification": 11, "name_subspecification": "Операционная система", "text_subspecification": "Android"}}, {"model": "app_catalog.subspecifications", "pk": 102, "fields": {"specification": 11, "name_subspecification": "Разрешение экрана", "text_subspecification": "AMOLED (1080x2400)"}}, {"model": "app_catalog.subspecifications", "pk": 103, "fields": {"specification": 11, "name_subspecification": "Объем оперативной памяти", "text_subspecification": "8 ГБ"}}, {"model": "app_catalog.subspecifications", "pk": 104, "fields": {"specification": 11, "name_subspecification": "Объем встроенной памяти", "text_subspecification": "256 ГБ"}}, {"model": "app_catalog.subspecifications", "pk": 105, "fields": {"specification": 11, "name_subspecification": "Емкость аккумулятора", "text_subspecification": "5000 мАч,"}}, {"model": "app_catalog.subspecifications", "pk": 106, "fields": {"specification": 11, "name_subspecification": "Камера", "text_subspecification": "108 Мп"}}, {"model": "app_discounts.discount", "pk": 16, "fields": {"user_created": 1, "product": 22, "type_discount": "процент", "start_discount": "2023-07-09T06:59:01Z", "end_discount": "2023-07-09T06:59:03Z", "created": "2023-07-09T06:59:11.234Z", "available": false, "percent": 30, "quantity": 0}}, {"model": "app_discounts.discount", "pk": 17, "fields": {"user_created": 1, "product": 21, "type_discount": "количество", "start_discount": "2023-07-09T06:59:27Z", "end_discount": "2023-07-20T06:59:30Z", "created": "2023-07-09T06:59:37.489Z", "available": true, "percent": 0, "quantity": 127}}, {"model": "app_discounts.discount", "pk": 18, "fields": {"user_created": null, "product": 16, "type_discount": "процент и количество", "start_discount": "2023-07-09T06:59:46Z", "end_discount": "2023-07-22T06:59:48Z", "created": "2023-07-09T06:59:51.634Z", "available": true, "percent": 10, "quantity": 1578}}, {"model": "app_discounts.discount", "pk": 19, "fields": {"user_created": 1, "product": 18, "type_discount": "процент", "start_discount": "2023-07-08T07:03:48Z", "end_discount": "2023-07-09T07:03:50Z", "created": "2023-07-09T07:03:55.368Z", "available": false, "percent": 30, "quantity": 0}}, {"model": "app_discounts.discount", "pk": 20, "fields": {"user_created": 4, "product": 15, "type_discount": "процент и количество", "start_discount": "2023-07-08T07:04:06Z", "end_discount": "2023-07-09T07:04:07Z", "created": "2023-07-09T07:04:10.364Z", "available": false, "percent": 10, "quantity": 1932}}, {"model": "app_discounts.discount", "pk": 21, "fields": {"user_created": 6, "product": 14, "type_discount": "процент и количество", "start_discount": "2023-07-20T07:04:23Z", "end_discount": "2023-07-29T07:04:24Z", "created": "2023-07-09T07:04:30.531Z", "available": true, "percent": 10, "quantity": 2275}}, {"model": "app_discounts.coupon", "pk": 2, "fields": {"code": "SKILLBOX", "valid_from": "2023-07-15T10:33:49Z", "valid_to": "2023-08-31T10:33:57Z", "discount": 20, "active": true}}, {"model": "app_discounts.coupon", "pk": 3, "fields": {"code": "SASA", "valid_from": "2023-07-15T11:16:15Z", "valid_to": "2023-07-31T11:16:20Z", "discount": 10, "active": true}}, {"model": "app_orders.order", "pk": 1, "fields": {"user": 1, "full_name": "Александр Белов", "phone_number": "9165741553", "email": "sashabel1985@gmail.com", "city": "Москва г", "address": "Никитинская ул", "delivery": "Обычная доставка", "delivery_cost": "0.00", "payment": "Онлайн картой", "comment": "", "created_at": "2023-07-15T09:12:14.790Z", "status": "paid for", "coupon": null, "discount": 0}}, {"model": "app_orders.order", "pk": 2, "fields": {"user": 1, "full_name": "Александр Белов", "phone_number": "9165741553", "email": "sashabel1985@gmail.com", "city": "Москва г", "address": "Никитинская ул", "delivery": "Обычная доставка", "delivery_cost": "0.00", "payment": "Онлайн картой", "comment": "", "created_at": "2023-07-15T10:13:50.890Z", "status": "Не оплачен", "coupon": null, "discount": 0}}, {"model": "app_orders.order", "pk": 3, "fields": {"user": 1, "full_name": "Александр Белов", "phone_number": "9165741553", "email": "sashabel1985@gmail.com", "city": "Москва г", "address": "Никитинская ул", "delivery": "Обычная доставка", "delivery_cost": "0.00", "payment": "Онлайн картой", "comment": "", "created_at": "2023-07-15T10:38:41.632Z", "status": "paid for", "coupon": null, "discount": 0}}, {"model": "app_orders.order", "pk": 4, "fields": {"user": 1, "full_name": "Александр Белов", "phone_number": "9165741553", "email": "sashabel1985@gmail.com", "city": "Москва г", "address": "Никитинская ул", "delivery": "Экспресс доставка", "delivery_cost": "0.00", "payment": "Онлайн картой", "comment": "", "created_at": "2023-07-15T11:00:45.816Z", "status": "Не оплачен", "coupon": null, "discount": 0}}, {"model": "app_orders.order", "pk": 5, "fields": {"user": 1, "full_name": "Александр Белов", "phone_number": "9165741553", "email": "sashabel1985@gmail.com", "city": "Москва г", "address": "Никитинская ул", "delivery": "Обычная доставка", "delivery_cost": "0.00", "payment": "Онлайн картой", "comment": "", "created_at": "2023-07-15T14:52:42.322Z", "status": "Не оплачен", "coupon": 3, "discount": 10}}, {"model": "app_orders.order", "pk": 6, "fields": {"user": 1, "full_name": "Александр Белов", "phone_number": "9165741553", "email": "sashabel1985@gmail.com", "city": "Москва г", "address": "Никитинская ул", "delivery": "Экспресс доставка", "delivery_cost": "0.00", "payment": "Онлайн картой", "comment": "", "created_at": "2023-07-15T14:53:46.262Z", "status": "Не оплачен", "coupon": 2, "discount": 20}}, {"model": "app_orders.order", "pk": 7, "fields": {"user": 1, "full_name": "Александр Белов", "phone_number": "9165741553", "email": "sashabel1985@gmail.com", "city": "Москва г", "address": "Никитинская ул", "delivery": "Экспресс доставка", "delivery_cost": "0.00", "payment": "Онлайн картой", "comment": "", "created_at": "2023-07-15T14:56:02.195Z", "status": "Не оплачен", "coupon": 2, "discount": 20}}, {"model": "app_orders.order", "pk": 8, "fields": {"user": 1, "full_name": "Александр Белов", "phone_number": "9165741553", "email": "sashabel1985@gmail.com", "city": "Москва г", "address": "Никитинская ул", "delivery": "Экспресс доставка", "delivery_cost": "500.00", "payment": "Онлайн картой", "comment": "", "created_at": "2023-07-15T19:23:52.066Z", "status": "Не оплачен", "coupon": 3, "discount": 10}}, {"model": "app_orders.order", "pk": 9, "fields": {"user": 1, "full_name": "Александр Белов", "phone_number": "9165741553", "email": "sashabel1985@gmail.com", "city": "Москва г", "address": "Никитинская ул", "delivery": "Обычная доставка", "delivery_cost": "200.00", "payment": "Онлайн картой", "comment": "", "created_at": "2023-07-15T19:27:49.604Z", "status": "Не оплачен", "coupon": 3, "discount": 10}}, {"model": "app_orders.order", "pk": 10, "fields": {"user": 1, "full_name": "Александр Белов", "phone_number": "9165741553", "email": "sashabel1985@gmail.com", "city": "Москва г", "address": "Никитинская ул", "delivery": "Обычная доставка", "delivery_cost": "200.00", "payment": "Онлайн картой", "comment": "", "created_at": "2023-07-15T19:31:18.258Z", "status": "Не оплачен", "coupon": 3, "discount": 10}}, {"model": "app_orders.order", "pk": 11, "fields": {"user": 1, "full_name": "Александр Белов", "phone_number": "9165741553", "email": "sashabel1985@gmail.com", "city": "Москва г", "address": "Никитинская ул", "delivery": "Обычная доставка", "delivery_cost": "200.00", "payment": "Онлайн картой", "comment": "", "created_at": "2023-07-15T19:34:56.403Z", "status": "Не оплачен", "coupon": 2, "discount": 20}}, {"model": "app_orders.order", "pk": 12, "fields": {"user": 1, "full_name": "Александр Белов", "phone_number": "9165741553", "email": "sashabel1985@gmail.com", "city": "Москва г", "address": "Никитинская ул", "delivery": "Экспресс доставка", "delivery_cost": "500.00", "payment": "Онлайн картой", "comment": "", "created_at": "2023-07-16T11:21:14.944Z", "status": "Не оплачен", "coupon": 3, "discount": 10}}, {"model": "app_orders.orderitem", "pk": 1, "fields": {"order": 1, "product_in_shop": 21, "quantity": 1, "price": "2413.00"}}, {"model": "app_orders.orderitem", "pk": 2, "fields": {"order": 2, "product_in_shop": 21, "quantity": 1, "price": "2413.00"}}, {"model": "app_orders.orderitem", "pk": 3, "fields": {"order": 3, "product_in_shop": 18, "quantity": 2, "price": "18823.00"}}, {"model": "app_orders.orderitem", "pk": 4, "fields": {"order": 4, "product_in_shop": 18, "quantity": 1, "price": "18823.00"}}, {"model": "app_orders.orderitem", "pk": 5, "fields": {"order": 4, "product_in_shop": 17, "quantity": 1, "price": "31780.00"}}, {"model": "app_orders.orderitem", "pk": 6, "fields": {"order": 5, "product_in_shop": 21, "quantity": 1, "price": "2171.70"}}, {"model": "app_orders.orderitem", "pk": 7, "fields": {"order": 6, "product_in_shop": 18, "quantity": 3, "price": "15058.40"}}, {"model": "app_orders.orderitem", "pk": 8, "fields": {"order": 6, "product_in_shop": 17, "quantity": 1, "price": "25424.00"}}, {"model": "app_orders.orderitem", "pk": 9, "fields": {"order": 7, "product_in_shop": 18, "quantity": 1, "price": "15058.40"}}, {"model": "app_orders.orderitem", "pk": 10, "fields": {"order": 7, "product_in_shop": 17, "quantity": 1, "price": "25424.00"}}, {"model": "app_orders.orderitem", "pk": 11, "fields": {"order": 8, "product_in_shop": 21, "quantity": 1, "price": "2171.70"}}, {"model": "app_orders.orderitem", "pk": 12, "fields": {"order": 8, "product_in_shop": 17, "quantity": 1, "price": "28602.00"}}, {"model": "app_orders.orderitem", "pk": 13, "fields": {"order": 9, "product_in_shop": 21, "quantity": 1, "price": "2171.70"}}, {"model": "app_orders.orderitem", "pk": 14, "fields": {"order": 9, "product_in_shop": 18, "quantity": 1, "price": "16940.70"}}, {"model": "app_orders.orderitem", "pk": 15, "fields": {"order": 10, "product_in_shop": 22, "quantity": 1, "price": "1323.00"}}, {"model": "app_orders.orderitem", "pk": 16, "fields": {"order": 10, "product_in_shop": 21, "quantity": 1, "price": "2171.70"}}, {"model": "app_orders.orderitem", "pk": 17, "fields": {"order": 11, "product_in_shop": 22, "quantity": 1, "price": "1176.00"}}, {"model": "app_orders.orderitem", "pk": 18, "fields": {"order": 11, "product_in_shop": 21, "quantity": 1, "price": "1930.40"}}, {"model": "app_orders.orderitem", "pk": 19, "fields": {"order": 12, "product_in_shop": 21, "quantity": 1, "price": "2171.70"}}, {"model": "app_orders.orderitem", "pk": 20, "fields": {"order": 12, "product_in_shop": 18, "quantity": 1, "price": "16940.70"}}, {"model": "app_users.user", "pk": 1, "fields": {"password": "pbkdf2_sha256$600000$Rr3fHgzVvBFuoB6HSVvk6Q$adgQQUldNIYEA/2J8XICD6/fNPTwBlEzEXaNR78iCug=", "last_login": "2023-07-16T15:06:36.843Z", "is_superuser": true, "username": "admin", "email": "admin@admin.ru", "first_name": "", "last_name": "", "phone_number": "2222222222", "date_joined": "2023-06-03T12:16:45.029Z", "is_active": true, "is_staff": true, "avatar": "avatars/sample-clouds-400x300_2_3osnlFs.jpg", "groups": [], "user_permissions": [], "order": []}}, {"model": "app_users.user", "pk": 4, "fields": {"password": "pbkdf2_sha256$600000$Xkyi9onGE3ylo5AKz3zZDc$x0Vi07aoNNbGxnKTUG9NUG7icyKZ6GoBDB3MrT8bHpw=", "last_login": "2023-06-06T19:37:28.911Z", "is_superuser": false, "username": "aaa", "email": "aaa@aaa.ru", "first_name": "", "last_name": "", "phone_number": "1444438977", "date_joined": "2023-06-04T19:11:02.025Z", "is_active": true, "is_staff": false, "avatar": "avatars/sample-clouds-400x300_2_JBPsltn.jpg", "groups": [], "user_permissions": [], "order": []}}, {"model": "app_users.user", "pk": 5, "fields": {"password": "pbkdf2_sha256$600000$UIONGLMp6GGKOIRMwwcbVJ$xiL1JkhFv7YslmYtVg/Sn+gdB2pPQ3IXm2a0bx/x0nU=", "last_login": "2023-06-07T15:45:41Z", "is_superuser": false, "username": "sss", "email": "sss@sss.ru", "first_name": "", "last_name": "", "phone_number": "2334234252", "date_joined": "2023-06-06T11:08:06.435Z", "is_active": true, "is_staff": false, "avatar": "avatars/sample-green-400x300_snWTuMh.jpg", "groups": [], "user_permissions": [], "order": []}}, {"model": "app_users.user", "pk": 6, "fields": {"password": "pbkdf2_sha256$600000$wIMmSCkNdEabtpoH5GcElf$UdvThwoPht3pyqSjk6rXFg8vQlzQ6lQ+eQ3vwUcZPIQ=", "last_login": "2023-06-13T17:08:40.981Z", "is_superuser": false, "username": "ggg", "email": "ggg@ggg.ru", "first_name": "", "last_name": "", "phone_number": "7987987987", "date_joined": "2023-06-13T17:08:40.319Z", "is_active": true, "is_staff": false, "avatar": "avatars/sample-birch-400x300_HWU1qEQ.jpg", "groups": [], "user_permissions": [], "order": []}}, {"model": "app_users.user", "pk": 7, "fields": {"password": "pbkdf2_sha256$600000$6kysvmiTZw6j5jeFq6iCVF$C/pmFEZIhESdxa9HcMvHGwZeyWdO8PR5Qa4WsGxj1/E=", "last_login": "2023-06-14T16:25:30.636Z", "is_superuser": false, "username": "zzz", "email": "zzz@zzz.ru", "first_name": "", "last_name": "", "phone_number": "", "date_joined": "2023-06-14T16:25:29.775Z", "is_active": true, "is_staff": false, "avatar": "", "groups": [], "user_permissions": [], "order": []}}]